cognito:username,name,given_name,family_name,middle_name,nickname,preferred_username,profile,picture,website,email,email_verified,gender,birthdate,zoneinfo,locale,phone_number,phone_number_verified,address,updated_at,cognito:mfa_enabled
Lognu,,Lognu,Shawoath,,,,,,,Lognu.Shawoath@example.com,TRUE,,02/11/2003,,,+12122387808,TRUE,7897 Rootharsym Street Fake Falls City,,FALSE
Xoarg,,Xoarg,Byheexyf,,,,,,,Xoarg.Byheexyf@example.com,TRUE,,04/10/1994,,,+12282282354,TRUE,3269 Ptoabepham Street Fake Falls City,,FALSE
Odsar,,Odsar,Poomsykr,,,,,,,Odsar.Poomsykr@example.com,TRUE,,04/25/1993,,,+12220552005,TRUE,1783 Owhagootem Street Fake Falls City,,FALSE
Eryss,,Eryss,Noamtood,,,,,,,Eryss.Noamtood@example.com,TRUE,,09/30/1995,,,+12466356101,TRUE,2474 Kookroleem Street Fake Falls City,,FALSE
Booft,,Booft,Jeksacuk,,,,,,,Booft.Jeksacuk@example.com,TRUE,,09/17/1991,,,+12110611022,TRUE,1658 Ykifodyroa Street Fake Falls City,,FALSE
Yfilr,,Yfilr,Eepuwoos,,,,,,,Yfilr.Eepuwoos@example.com,TRUE,,09/10/2002,,,+12956312323,TRUE,3088 Ooloozobym Street Fake Falls City,,FALSE
Shood,,Shood,Ordeelro,,,,,,,Shood.Ordeelro@example.com,TRUE,,07/21/2002,,,+12177098002,TRUE,2353 Eewoostahy Street Fake Falls City,,FALSE
Grimi,,Grimi,Nikroort,,,,,,,Grimi.Nikroort@example.com,TRUE,,05/16/1993,,,+12437146202,TRUE,2705 Joawurogru Street Fake Falls City,,FALSE
